MAC,SSID,Encryption,Seen,Channel,RSSI,Latitude,Longitude,AltitudeMeters,AccuracyMeters,Type
8E:AA:B5:1C:31:3E,Bingus Headquarters,WPA2,2021-7-19 14:34:6,1,-69,33.684306,-117.619042,342.7,142,WIFI
4E:66:41:9A:81:4B,Hot Bitch Network,WPA2,2021-7-19 14:34:6,6,-75,33.684306,-117.619042,342.7,142,WIFI
AE:5F:3E:A6:46:51,Samsung Galaxy S7_5204,WPA2,2021-7-19 14:34:6,1,-91,33.684306,-117.619042,342.7,142,WIFI
8E:AA:B5:1C:31:3E,Bingus Headquarters,WPA2,2021-7-19 14:34:9,1,-69,33.684305,-117.619035,342.5,142,WIFI
AE:5F:3E:A6:46:51,Samsung Galaxy S7_5204,WPA2,2021-7-19 14:34:9,1,-93,33.684305,-117.619035,342.5,142,WIFI
4E:66:41:9A:81:4B,Hot Bitch Network,WPA2,2021-7-19 14:34:9,6,-83,33.684305,-117.619035,342.5,142,WIFI
4E:66:41:9A:81:4B,Hot Bitch Network,WPA2,2021-7-19 14:34:12,6,-84,33.684301,-117.619024,342.5,142,WIFI
AE:5F:3E:A6:46:51,Samsung Galaxy S7_5204,WPA2,2021-7-19 14:34:12,1,-93,33.684301,-117.619024,342.5,142,WIFI
8E:AA:B5:1C:31:3E,Bingus Headquarters,WPA2,2021-7-19 14:34:12,1,-82,33.684301,-117.619024,342.5,142,WIFI
8E:AA:B5:1C:31:3E,Bingus Headquarters,WPA2,2021-7-19 14:34:15,1,-70,33.6843,-117.619016,340.3,142,WIFI
AE:5F:3E:A6:46:51,Samsung Galaxy S7_5204,WPA2,2021-7-19 14:34:15,1,-93,33.6843,-117.619016,340.3,142,WIFI
8E:AA:B5:1C:31:3E,Bingus Headquarters,WPA2,2021-7-19 14:34:15,1,-70,33.6843,-117.619016,340.3,142,WIFI
4E:66:41:9A:81:4B,Hot Bitch Network,WPA2,2021-7-19 14:34:15,6,-88,33.6843,-117.619016,340.3,142,WIFI
AE:5F:3E:A6:46:51,Samsung Galaxy S7_5204,WPA2,2021-7-19 14:34:15,1,-90,33.6843,-117.619016,340.3,142,WIFI
8E:AA:B5:1C:31:3E,Bingus Headquarters,WPA2,2021-7-19 14:34:15,1,-74,33.6843,-117.619016,340.3,142,WIFI
AE:5F:3E:A6:46:51,Samsung Galaxy S7_5204,WPA2,2021-7-19 14:34:15,1,-90,33.6843,-117.619016,340.3,142,WIFI
4E:66:41:9A:81:4B,Hot Bitch Network,WPA2,2021-7-19 14:34:15,6,-83,33.6843,-117.619016,340.3,142,WIFI
8E:AA:B5:1C:31:3E,Bingus Headquarters,WPA2,2021-7-19 14:34:15,1,-71,33.6843,-117.619016,340.3,142,WIFI
4E:66:41:9A:81:4B,Hot Bitch Network,WPA2,2021-7-19 14:34:15,6,-76,33.6843,-117.619016,340.3,142,WIFI
AE:5F:3E:A6:46:51,Samsung Galaxy S7_5204,WPA2,2021-7-19 14:34:15,1,-93,33.6843,-117.619016,340.3,142,WIFI
8E:AA:B5:1C:31:3E,Bingus Headquarters,WPA2,2021-7-19 14:34:15,1,-66,33.6843,-117.619016,340.3,142,WIFI
AE:5F:3E:A6:46:51,Samsung Galaxy S7_5204,WPA2,2021-7-19 14:34:15,1,-93,33.6843,-117.619016,340.3,142,WIFI
4E:66:41:9A:81:4B,Hot Bitch Network,WPA2,2021-7-19 14:34:15,6,-84,33.6843,-117.619016,340.3,142,WIFI
8E:AA:B5:1C:31:3E,Bingus Headquarters,WPA2,2021-7-19 14:34:29,1,-74,33.684289,-117.61903,340.6,142,WIFI
4E:66:41:9A:81:4B,Hot Bitch Network,WPA2,2021-7-19 14:34:29,6,-78,33.684289,-117.61903,340.6,142,WIFI
AE:5F:3E:A6:46:51,Samsung Galaxy S7_5204,WPA2,2021-7-19 14:34:29,1,-93,33.684289,-117.61903,340.6,142,WIFI
8E:AA:B5:1C:31:3E,Bingus Headquarters,WPA2,2021-7-19 14:34:32,1,-68,33.684289,-117.619043,340.1,353,WIFI
AE:5F:3E:A6:46:51,Samsung Galaxy S7_5204,WPA2,2021-7-19 14:34:32,1,-91,33.684289,-117.619043,340.1,353,WIFI
8E:AA:B5:1C:31:3E,Bingus Headquarters,WPA2,2021-7-19 14:34:35,1,-68,33.68429,-117.619041,339.9,142,WIFI
AE:5F:3E:A6:46:51,Samsung Galaxy S7_5204,WPA2,2021-7-19 14:34:35,1,-90,33.68429,-117.619041,339.9,142,WIFI
8E:AA:B5:1C:31:3E,Bingus Headquarters,WPA2,2021-7-19 14:34:38,1,-69,33.684294,-117.619022,339.9,142,WIFI
AE:5F:3E:A6:46:51,Samsung Galaxy S7_5204,WPA2,2021-7-19 14:34:38,1,-92,33.684294,-117.619022,339.9,142,WIFI
4E:66:41:9A:81:4B,Hot Bitch Network,WPA2,2021-7-19 14:34:38,6,-88,33.684294,-117.619022,339.9,142,WIFI
8E:AA:B5:1C:31:3E,Bingus Headquarters,WPA2,2021-7-19 14:34:41,1,-57,33.684295,-117.619018,341.9,122,WIFI
AE:5F:3E:A6:46:51,Samsung Galaxy S7_5204,WPA2,2021-7-19 14:34:41,1,-90,33.684295,-117.619018,341.9,122,WIFI
4E:66:41:9A:81:4B,Hot Bitch Network,WPA2,2021-7-19 14:34:41,6,-77,33.684295,-117.619018,341.9,122,WIFI
8E:AA:B5:1C:31:3E,Bingus Headquarters,WPA2,2021-7-19 14:34:41,1,-77,33.684295,-117.619018,341.9,122,WIFI
AE:5F:3E:A6:46:51,Samsung Galaxy S7_5204,WPA2,2021-7-19 14:34:41,1,-86,33.684295,-117.619018,341.9,122,WIFI
4E:66:41:9A:81:4B,Hot Bitch Network,WPA2,2021-7-19 14:34:41,6,-52,33.684295,-117.619018,341.9,122,WIFI
8E:AA:B5:1C:31:3E,Bingus Headquarters,WPA2,2021-7-19 14:34:41,1,-11,33.684295,-117.619018,341.9,122,WIFI
AE:5F:3E:A6:46:51,Samsung Galaxy S7_5204,WPA2,2021-7-19 14:34:41,1,-85,33.684295,-117.619018,341.9,122,WIFI
4E:66:41:9A:81:4B,Hot Bitch Network,WPA2,2021-7-19 14:34:41,6,-51,33.684295,-117.619018,341.9,122,WIFI
8E:AA:B5:1C:31:3E,Bingus Headquarters,WPA2,2021-7-19 14:34:41,1,-15,33.684295,-117.619018,341.9,122,WIFI
AE:5F:3E:A6:46:51,Samsung Galaxy S7_5204,WPA2,2021-7-19 14:34:41,1,-86,33.684295,-117.619018,341.9,122,WIFI
4E:66:41:9A:81:4B,Hot Bitch Network,WPA2,2021-7-19 14:34:41,6,-52,33.684295,-117.619018,341.9,122,WIFI
8E:AA:B5:1C:31:3E,Bingus Headquarters,WPA2,2021-7-19 14:34:41,1,-12,33.684295,-117.619018,341.9,122,WIFI
AE:5F:3E:A6:46:51,Samsung Galaxy S7_5204,WPA2,2021-7-19 14:34:41,1,-82,33.684295,-117.619018,341.9,122,WIFI
8E:AA:B5:1C:31:3E,Bingus Headquarters,WPA2,2021-7-19 14:34:55,1,-45,33.684313,-117.619032,338.8,122,WIFI
AE:5F:3E:A6:46:51,Samsung Galaxy S7_5204,WPA2,2021-7-19 14:34:55,1,-83,33.684313,-117.619032,338.8,122,WIFI
4E:66:41:9A:81:4B,Hot Bitch Network,WPA2,2021-7-19 14:34:55,6,-49,33.684313,-117.619032,338.8,122,WIFI
8E:AA:B5:1C:31:3E,Bingus Headquarters,WPA2,2021-7-19 14:34:58,1,-44,33.68432,-117.619035,338.9,122,WIFI
AE:5F:3E:A6:46:51,Samsung Galaxy S7_5204,WPA2,2021-7-19 14:34:58,1,-92,33.68432,-117.619035,338.9,122,WIFI
4E:66:41:9A:81:4B,Hot Bitch Network,WPA2,2021-7-19 14:34:58,6,-55,33.68432,-117.619035,338.9,122,WIFI
8E:AA:B5:1C:31:3E,Bingus Headquarters,WPA2,2021-7-19 14:35:1,1,-44,33.684315,-117.619031,338.1,122,WIFI
AE:5F:3E:A6:46:51,Samsung Galaxy S7_5204,WPA2,2021-7-19 14:35:1,1,-84,33.684315,-117.619031,338.1,122,WIFI
4E:66:41:9A:81:4B,Hot Bitch Network,WPA2,2021-7-19 14:35:1,6,-55,33.684315,-117.619031,338.1,122,WIFI
8E:AA:B5:1C:31:3E,Bingus Headquarters,WPA2,2021-7-19 14:35:4,1,-43,33.684327,-117.619024,337.8,122,WIFI
AE:5F:3E:A6:46:51,Samsung Galaxy S7_5204,WPA2,2021-7-19 14:35:4,1,-94,33.684327,-117.619024,337.8,122,WIFI
4E:66:41:9A:81:4B,Hot Bitch Network,WPA2,2021-7-19 14:35:4,6,-63,33.684327,-117.619024,337.8,122,WIFI
8E:AA:B5:1C:31:3E,Bingus Headquarters,WPA2,2021-7-19 14:35:7,1,-39,33.684336,-117.619026,338.2,122,WIFI
AE:5F:3E:A6:46:51,Samsung Galaxy S7_5204,WPA2,2021-7-19 14:35:7,1,-90,33.684336,-117.619026,338.2,122,WIFI
4E:66:41:9A:81:4B,Hot Bitch Network,WPA2,2021-7-19 14:35:7,6,-56,33.684336,-117.619026,338.2,122,WIFI
8E:AA:B5:1C:31:3E,Bingus Headquarters,WPA2,2021-7-19 14:35:10,1,-45,33.684334,-117.619027,338.2,122,WIFI
AE:5F:3E:A6:46:51,Samsung Galaxy S7_5204,WPA2,2021-7-19 14:35:10,1,-88,33.684334,-117.619027,338.2,122,WIFI
4E:66:41:9A:81:4B,Hot Bitch Network,WPA2,2021-7-19 14:35:10,6,-54,33.684334,-117.619027,338.2,122,WIFI
8E:AA:B5:1C:31:3E,Bingus Headquarters,WPA2,2021-7-19 14:35:10,1,-51,33.684334,-117.619027,338.2,122,WIFI
AE:5F:3E:A6:46:51,Samsung Galaxy S7_5204,WPA2,2021-7-19 14:35:10,1,-85,33.684334,-117.619027,338.2,122,WIFI
4E:66:41:9A:81:4B,Hot Bitch Network,WPA2,2021-7-19 14:35:10,6,-50,33.684334,-117.619027,338.2,122,WIFI
8E:AA:B5:1C:31:3E,Bingus Headquarters,WPA2,2021-7-19 14:35:13,1,-40,33.684341,-117.619026,338.2,122,WIFI
AE:5F:3E:A6:46:51,Samsung Galaxy S7_5204,WPA2,2021-7-19 14:35:13,1,-85,33.684341,-117.619026,338.2,122,WIFI
4E:66:41:9A:81:4B,Hot Bitch Network,WPA2,2021-7-19 14:35:13,6,-51,33.684341,-117.619026,338.2,122,WIFI
8E:AA:B5:1C:31:3E,Bingus Headquarters,WPA2,2021-7-19 14:35:13,1,-41,33.684341,-117.619026,338.2,122,WIFI
4E:66:41:9A:81:4B,Hot Bitch Network,WPA2,2021-7-19 14:35:13,6,-52,33.684341,-117.619026,338.2,122,WIFI
AE:5F:3E:A6:46:51,Samsung Galaxy S7_5204,WPA2,2021-7-19 14:35:13,1,-91,33.684341,-117.619026,338.2,122,WIFI
8E:AA:B5:1C:31:3E,Bingus Headquarters,WPA2,2021-7-19 14:35:13,1,-46,33.684341,-117.619026,338.2,122,WIFI
AE:5F:3E:A6:46:51,Samsung Galaxy S7_5204,WPA2,2021-7-19 14:35:13,1,-92,33.684341,-117.619026,338.2,122,WIFI
4E:66:41:9A:81:4B,Hot Bitch Network,WPA2,2021-7-19 14:35:13,6,-47,33.684341,-117.619026,338.2,122,WIFI
8E:AA:B5:1C:31:3E,Bingus Headquarters,WPA2,2021-7-19 14:35:13,1,-39,33.684341,-117.619026,338.2,122,WIFI
AE:5F:3E:A6:46:51,Samsung Galaxy S7_5204,WPA2,2021-7-19 14:35:13,1,-93,33.684341,-117.619026,338.2,122,WIFI
8E:AA:B5:1C:31:3E,Bingus Headquarters,WPA2,2021-7-19 14:35:27,1,-41,33.684271,-117.619098,338.9,121,WIFI
8E:AA:B5:1C:31:3E,Bingus Headquarters,WPA2,2021-7-19 14:35:30,1,-45,33.684217,-117.619107,340.7,121,WIFI
4E:66:41:9A:81:4B,Hot Bitch Network,WPA2,2021-7-19 14:35:30,6,-61,33.684217,-117.619107,340.7,121,WIFI
8E:AA:B5:1C:31:3E,Bingus Headquarters,WPA2,2021-7-19 14:35:33,1,-41,33.68416,-117.619086,340.7,121,WIFI
8E:AA:B5:1C:31:3E,Bingus Headquarters,WPA2,2021-7-19 14:35:33,1,-41,33.68416,-117.619086,339.7,121,WIFI
4E:66:41:9A:81:4B,Hot Bitch Network,WPA2,2021-7-19 14:35:33,6,-59,33.68416,-117.619086,339.7,121,WIFI
8E:AA:B5:1C:31:3E,Bingus Headquarters,WPA2,2021-7-19 14:35:33,1,-39,33.68416,-117.619086,339.7,121,WIFI
4E:66:41:9A:81:4B,Hot Bitch Network,WPA2,2021-7-19 14:35:33,6,-55,33.68416,-117.619086,339.7,121,WIFI
8E:AA:B5:1C:31:3E,Bingus Headquarters,WPA2,2021-7-19 14:35:33,1,-39,33.68416,-117.619086,339.7,121,WIFI
AE:5F:3E:A6:46:51,Samsung Galaxy S7_5204,WPA2,2021-7-19 14:35:33,1,-93,33.68416,-117.619086,339.7,121,WIFI
4E:66:41:9A:81:4B,Hot Bitch Network,WPA2,2021-7-19 14:35:33,6,-54,33.68416,-117.619086,339.7,121,WIFI
8E:AA:B5:1C:31:3E,Bingus Headquarters,WPA2,2021-7-19 14:35:44,1,-43,33.684379,-117.618597,347.1,121,WIFI
4E:66:41:9A:81:4B,Hot Bitch Network,WPA2,2021-7-19 14:35:44,6,-55,33.684379,-117.618597,347.1,121,WIFI
AE:5F:3E:A6:46:51,Samsung Galaxy S7_5204,WPA2,2021-7-19 14:35:44,1,-91,33.684379,-117.618597,347.1,121,WIFI
8E:AA:B5:1C:31:3E,Bingus Headquarters,WPA2,2021-7-19 14:35:47,1,-38,33.68451,-117.618353,351.2,121,WIFI
8E:AA:B5:1C:31:3E,Bingus Headquarters,WPA2,2021-7-19 14:35:50,1,-39,33.684674,-117.618097,352.3,121,WIFI
4E:66:41:9A:81:4B,Hot Bitch Network,WPA2,2021-7-19 14:35:50,6,-61,33.684674,-117.618097,352.3,121,WIFI
8E:AA:B5:1C:31:3E,Bingus Headquarters,WPA2,2021-7-19 14:35:50,1,-48,33.684674,-117.618097,352.3,121,WIFI
4E:66:41:9A:81:4B,Hot Bitch Network,WPA2,2021-7-19 14:35:50,6,-63,33.684674,-117.618097,352.3,121,WIFI
8E:AA:B5:1C:31:3E,Bingus Headquarters,WPA2,2021-7-19 14:35:53,1,-42,33.684851,-117.617816,352.3,121,WIFI
4E:66:41:9A:81:4B,Hot Bitch Network,WPA2,2021-7-19 14:35:53,6,-63,33.684851,-117.617816,352.3,121,WIFI
8E:AA:B5:1C:31:3E,Bingus Headquarters,WPA2,2021-7-19 14:35:53,1,-38,33.684851,-117.617816,352.3,121,WIFI
4E:66:41:9A:81:4B,Hot Bitch Network,WPA2,2021-7-19 14:35:53,6,-63,33.684851,-117.617816,352.3,121,WIFI
8E:AA:B5:1C:31:3E,Bingus Headquarters,WPA2,2021-7-19 14:36:1,1,-47,33.685439,-117.616974,358.3,121,WIFI
4E:66:41:9A:81:4B,Hot Bitch Network,WPA2,2021-7-19 14:36:1,6,-61,33.685439,-117.616974,358.3,121,WIFI
8E:AA:B5:1C:31:3E,Bingus Headquarters,WPA2,2021-7-19 14:36:4,1,-51,33.685686,-117.616604,359.8,121,WIFI
4E:66:41:9A:81:4B,Hot Bitch Network,WPA2,2021-7-19 14:36:4,6,-58,33.685686,-117.616604,359.8,121,WIFI
8E:AA:B5:1C:31:3E,Bingus Headquarters,WPA2,2021-7-19 14:36:7,1,-38,33.685938,-117.616258,361.9,121,WIFI
4E:66:41:9A:81:4B,Hot Bitch Network,WPA2,2021-7-19 14:36:7,6,-46,33.685938,-117.616258,361.9,121,WIFI
8E:AA:B5:1C:31:3E,Bingus Headquarters,WPA2,2021-7-19 14:36:10,1,-36,33.686186,-117.615884,361.9,121,WIFI
4E:66:41:9A:81:4B,Hot Bitch Network,WPA2,2021-7-19 14:36:10,6,-46,33.686186,-117.615884,361.9,121,WIFI
8E:AA:B5:1C:31:3E,Bingus Headquarters,WPA2,2021-7-19 14:36:10,1,-48,33.686186,-117.615884,362.8,121,WIFI
4E:66:41:9A:81:4B,Hot Bitch Network,WPA2,2021-7-19 14:36:10,6,-46,33.686186,-117.615884,362.8,121,WIFI
8E:AA:B5:1C:31:3E,Bingus Headquarters,WPA2,2021-7-19 14:36:10,1,-46,33.686186,-117.615884,362.8,121,WIFI
4E:66:41:9A:81:4B,Hot Bitch Network,WPA2,2021-7-19 14:36:10,6,-42,33.686186,-117.615884,362.8,121,WIFI
8E:AA:B5:1C:31:3E,Bingus Headquarters,WPA2,2021-7-19 14:36:10,1,-52,33.686186,-117.615884,362.8,121,WIFI
4E:66:41:9A:81:4B,Hot Bitch Network,WPA2,2021-7-19 14:36:10,6,-40,33.686186,-117.615884,362.8,121,WIFI
8E:AA:B5:1C:31:3E,Bingus Headquarters,WPA2,2021-7-19 14:36:21,1,-42,33.686866,-117.614276,368,121,WIFI
4E:66:41:9A:81:4B,Hot Bitch Network,WPA2,2021-7-19 14:36:21,6,-48,33.686866,-117.614276,368,121,WIFI
8E:AA:B5:1C:31:3E,Bingus Headquarters,WPA2,2021-7-19 14:36:24,1,-37,33.686892,-117.613783,370.9,121,WIFI
4E:66:41:9A:81:4B,Hot Bitch Network,WPA2,2021-7-19 14:36:24,6,-45,33.686892,-117.613783,370.9,121,WIFI
8E:AA:B5:1C:31:3E,Bingus Headquarters,WPA2,2021-7-19 14:36:27,1,-47,33.686852,-117.613276,370.9,121,WIFI
4E:66:41:9A:81:4B,Hot Bitch Network,WPA2,2021-7-19 14:36:27,6,-44,33.686852,-117.613276,370.9,121,WIFI
8E:AA:B5:1C:31:3E,Bingus Headquarters,WPA2,2021-7-19 14:36:27,1,-29,33.686852,-117.613276,373.7,121,WIFI
4E:66:41:9A:81:4B,Hot Bitch Network,WPA2,2021-7-19 14:36:27,6,-48,33.686852,-117.613276,373.7,121,WIFI
8E:AA:B5:1C:31:3E,Bingus Headquarters,WPA2,2021-7-19 14:36:30,1,-46,33.686765,-117.612771,373.7,121,WIFI
4E:66:41:9A:81:4B,Hot Bitch Network,WPA2,2021-7-19 14:36:30,6,-47,33.686765,-117.612771,373.7,121,WIFI
8E:AA:B5:1C:31:3E,Bingus Headquarters,WPA2,2021-7-19 14:36:30,1,-52,33.686765,-117.612771,373.7,121,WIFI
4E:66:41:9A:81:4B,Hot Bitch Network,WPA2,2021-7-19 14:36:30,6,-56,33.686765,-117.612771,373.7,121,WIFI
8E:AA:B5:1C:31:3E,Bingus Headquarters,WPA2,2021-7-19 14:36:38,1,-31,33.686489,-117.611594,385,146,WIFI
4E:66:41:9A:81:4B,Hot Bitch Network,WPA2,2021-7-19 14:36:38,6,-41,33.686489,-117.611594,385,146,WIFI
8E:AA:B5:1C:31:3E,Bingus Headquarters,WPA2,2021-7-19 14:36:41,1,-31,33.686417,-117.61116,388.3,121,WIFI
4E:66:41:9A:81:4B,Hot Bitch Network,WPA2,2021-7-19 14:36:41,6,-42,33.686417,-117.61116,388.3,121,WIFI
8E:AA:B5:1C:31:3E,Bingus Headquarters,WPA2,2021-7-19 14:36:44,1,-18,33.686367,-117.610691,391.9,121,WIFI
4E:66:41:9A:81:4B,Hot Bitch Network,WPA2,2021-7-19 14:36:44,6,-42,33.686367,-117.610691,391.9,121,WIFI
8E:AA:B5:1C:31:3E,Bingus Headquarters,WPA2,2021-7-19 14:36:47,1,-36,33.686332,-117.610193,391.9,121,WIFI
4E:66:41:9A:81:4B,Hot Bitch Network,WPA2,2021-7-19 14:36:47,6,-41,33.686332,-117.610193,391.9,121,WIFI
8E:AA:B5:1C:31:3E,Bingus Headquarters,WPA2,2021-7-19 14:36:47,1,-44,33.686332,-117.610193,391.9,121,WIFI
4E:66:41:9A:81:4B,Hot Bitch Network,WPA2,2021-7-19 14:36:47,6,-42,33.686332,-117.610193,391.9,121,WIFI
8E:AA:B5:1C:31:3E,Bingus Headquarters,WPA2,2021-7-19 14:36:47,1,-38,33.686332,-117.610193,391.9,121,WIFI
4E:66:41:9A:81:4B,Hot Bitch Network,WPA2,2021-7-19 14:36:47,6,-41,33.686332,-117.610193,391.9,121,WIFI
8E:AA:B5:1C:31:3E,Bingus Headquarters,WPA2,2021-7-19 14:36:47,1,-39,33.686332,-117.610193,391.9,121,WIFI
4E:66:41:9A:81:4B,Hot Bitch Network,WPA2,2021-7-19 14:36:47,6,-40,33.686332,-117.610193,391.9,121,WIFI
8E:AA:B5:1C:31:3E,Bingus Headquarters,WPA2,2021-7-19 14:36:58,1,-36,33.686128,-117.608334,407.9,121,WIFI
4E:66:41:9A:81:4B,Hot Bitch Network,WPA2,2021-7-19 14:36:58,6,-51,33.686128,-117.608334,407.9,121,WIFI
8E:AA:B5:1C:31:3E,Bingus Headquarters,WPA2,2021-7-19 14:37:1,1,-45,33.686094,-117.607844,411.2,121,WIFI
4E:66:41:9A:81:4B,Hot Bitch Network,WPA2,2021-7-19 14:37:1,6,-52,33.686094,-117.607844,411.2,121,WIFI
8E:AA:B5:1C:31:3E,Bingus Headquarters,WPA2,2021-7-19 14:37:4,1,-47,33.686034,-117.607387,411.2,121,WIFI
4E:66:41:9A:81:4B,Hot Bitch Network,WPA2,2021-7-19 14:37:4,6,-49,33.686034,-117.607387,411.2,121,WIFI
8E:AA:B5:1C:31:3E,Bingus Headquarters,WPA2,2021-7-19 14:37:4,1,-43,33.686034,-117.607387,414.5,121,WIFI
4E:66:41:9A:81:4B,Hot Bitch Network,WPA2,2021-7-19 14:37:4,6,-55,33.686034,-117.607387,414.5,121,WIFI
8E:AA:B5:1C:31:3E,Bingus Headquarters,WPA2,2021-7-19 14:37:7,1,-40,33.68588,-117.606975,414.5,121,WIFI
4E:66:41:9A:81:4B,Hot Bitch Network,WPA2,2021-7-19 14:37:7,6,-46,33.68588,-117.606975,414.5,121,WIFI
8E:AA:B5:1C:31:3E,Bingus Headquarters,WPA2,2021-7-19 14:37:7,1,-37,33.68588,-117.606975,414.5,121,WIFI
4E:66:41:9A:81:4B,Hot Bitch Network,WPA2,2021-7-19 14:37:7,6,-53,33.68588,-117.606975,414.5,121,WIFI
8E:AA:B5:1C:31:3E,Bingus Headquarters,WPA2,2021-7-19 14:37:15,1,-43,33.685351,-117.605899,429.5,124,WIFI
4E:66:41:9A:81:4B,Hot Bitch Network,WPA2,2021-7-19 14:37:15,6,-45,33.685351,-117.605899,429.5,124,WIFI
8E:AA:B5:1C:31:3E,Bingus Headquarters,WPA2,2021-7-19 14:37:18,1,-34,33.685147,-117.605518,433.2,121,WIFI
4E:66:41:9A:81:4B,Hot Bitch Network,WPA2,2021-7-19 14:37:18,6,-47,33.685147,-117.605518,433.2,121,WIFI
8E:AA:B5:1C:31:3E,Bingus Headquarters,WPA2,2021-7-19 14:37:21,1,-46,33.684944,-117.605192,435,121,WIFI
4E:66:41:9A:81:4B,Hot Bitch Network,WPA2,2021-7-19 14:37:21,6,-41,33.684944,-117.605192,435,121,WIFI
8E:AA:B5:1C:31:3E,Bingus Headquarters,WPA2,2021-7-19 14:37:24,1,-45,33.68472,-117.604882,435,121,WIFI
4E:66:41:9A:81:4B,Hot Bitch Network,WPA2,2021-7-19 14:37:24,6,-42,33.68472,-117.604882,435,121,WIFI
8E:AA:B5:1C:31:3E,Bingus Headquarters,WPA2,2021-7-19 14:37:24,1,-37,33.68472,-117.604882,435,121,WIFI
4E:66:41:9A:81:4B,Hot Bitch Network,WPA2,2021-7-19 14:37:24,6,-44,33.68472,-117.604882,435,121,WIFI
8E:AA:B5:1C:31:3E,Bingus Headquarters,WPA2,2021-7-19 14:37:24,1,-43,33.68472,-117.604882,435,121,WIFI
4E:66:41:9A:81:4B,Hot Bitch Network,WPA2,2021-7-19 14:37:24,6,-50,33.68472,-117.604882,435,121,WIFI
8E:AA:B5:1C:31:3E,Bingus Headquarters,WPA2,2021-7-19 14:37:24,1,-42,33.68472,-117.604882,435,121,WIFI
4E:66:41:9A:81:4B,Hot Bitch Network,WPA2,2021-7-19 14:37:24,6,-45,33.68472,-117.604882,435,121,WIFI
8E:AA:B5:1C:31:3E,Bingus Headquarters,WPA2,2021-7-19 14:37:35,1,-42,33.683608,-117.603925,441,121,WIFI
4E:66:41:9A:81:4B,Hot Bitch Network,WPA2,2021-7-19 14:37:35,6,-46,33.683608,-117.603925,441,121,WIFI
8E:AA:B5:1C:31:3E,Bingus Headquarters,WPA2,2021-7-19 14:37:38,1,-43,33.68329,-117.603678,441.6,146,WIFI
4E:66:41:9A:81:4B,Hot Bitch Network,WPA2,2021-7-19 14:37:38,6,-43,33.68329,-117.603678,441.6,146,WIFI
8E:AA:B5:1C:31:3E,Bingus Headquarters,WPA2,2021-7-19 14:37:41,1,-40,33.682938,-117.603494,441.6,146,WIFI
4E:66:41:9A:81:4B,Hot Bitch Network,WPA2,2021-7-19 14:37:41,6,-43,33.682938,-117.603494,441.6,146,WIFI
8E:AA:B5:1C:31:3E,Bingus Headquarters,WPA2,2021-7-19 14:37:41,1,-41,33.682938,-117.603494,442.3,305,WIFI
4E:66:41:9A:81:4B,Hot Bitch Network,WPA2,2021-7-19 14:37:41,6,-43,33.682938,-117.603494,442.3,305,WIFI
8E:AA:B5:1C:31:3E,Bingus Headquarters,WPA2,2021-7-19 14:37:41,1,-42,33.682938,-117.603494,442.3,305,WIFI
4E:66:41:9A:81:4B,Hot Bitch Network,WPA2,2021-7-19 14:37:41,6,-44,33.682938,-117.603494,442.3,305,WIFI
8E:AA:B5:1C:31:3E,Bingus Headquarters,WPA2,2021-7-19 14:37:41,1,-45,33.682938,-117.603494,442.3,305,WIFI
4E:66:41:9A:81:4B,Hot Bitch Network,WPA2,2021-7-19 14:37:41,6,-48,33.682938,-117.603494,442.3,305,WIFI
8E:AA:B5:1C:31:3E,Bingus Headquarters,WPA2,2021-7-19 14:37:52,1,-42,33.681645,-117.603108,446.3,181,WIFI
4E:66:41:9A:81:4B,Hot Bitch Network,WPA2,2021-7-19 14:37:52,6,-45,33.681645,-117.603108,446.3,181,WIFI
8E:AA:B5:1C:31:3E,Bingus Headquarters,WPA2,2021-7-19 14:37:55,1,-38,33.681338,-117.603089,443,136,WIFI
4E:66:41:9A:81:4B,Hot Bitch Network,WPA2,2021-7-19 14:37:55,6,-47,33.681338,-117.603089,443,136,WIFI
8E:AA:B5:1C:31:3E,Bingus Headquarters,WPA2,2021-7-19 14:37:58,1,-29,33.680998,-117.603055,437.6,136,WIFI
4E:66:41:9A:81:4B,Hot Bitch Network,WPA2,2021-7-19 14:37:58,6,-47,33.680998,-117.603055,437.6,136,WIFI
8E:AA:B5:1C:31:3E,Bingus Headquarters,WPA2,2021-7-19 14:37:58,1,-30,33.680998,-117.603055,437.6,136,WIFI
4E:66:41:9A:81:4B,Hot Bitch Network,WPA2,2021-7-19 14:37:58,6,-55,33.680998,-117.603055,437.6,136,WIFI
8E:AA:B5:1C:31:3E,Bingus Headquarters,WPA2,2021-7-19 14:37:58,1,-34,33.680998,-117.603055,437.6,136,WIFI
4E:66:41:9A:81:4B,Hot Bitch Network,WPA2,2021-7-19 14:37:58,6,-47,33.680998,-117.603055,437.6,136,WIFI
8E:AA:B5:1C:31:3E,Bingus Headquarters,WPA2,2021-7-19 14:37:58,1,-34,33.680998,-117.603055,437.6,136,WIFI
4E:66:41:9A:81:4B,Hot Bitch Network,WPA2,2021-7-19 14:37:58,6,-57,33.680998,-117.603055,437.6,136,WIFI
8E:AA:B5:1C:31:3E,Bingus Headquarters,WPA2,2021-7-19 14:38:9,1,-36,33.679671,-117.603112,422.3,121,WIFI
4E:66:41:9A:81:4B,Hot Bitch Network,WPA2,2021-7-19 14:38:9,6,-47,33.679671,-117.603112,422.3,121,WIFI
8E:AA:B5:1C:31:3E,Bingus Headquarters,WPA2,2021-7-19 14:38:12,1,-25,33.679248,-117.603152,418.6,121,WIFI
8E:AA:B5:1C:31:3E,Bingus Headquarters,WPA2,2021-7-19 14:38:15,1,-18,33.678824,-117.603177,416,121,WIFI
4E:66:41:9A:81:4B,Hot Bitch Network,WPA2,2021-7-19 14:38:15,6,-64,33.678824,-117.603177,416,121,WIFI
8E:AA:B5:1C:31:3E,Bingus Headquarters,WPA2,2021-7-19 14:38:15,1,-34,33.678824,-117.603177,416,121,WIFI
4E:66:41:9A:81:4B,Hot Bitch Network,WPA2,2021-7-19 14:38:15,6,-42,33.678824,-117.603177,416,121,WIFI
8E:AA:B5:1C:31:3E,Bingus Headquarters,WPA2,2021-7-19 14:38:18,1,-49,33.678383,-117.603134,416,121,WIFI
4E:66:41:9A:81:4B,Hot Bitch Network,WPA2,2021-7-19 14:38:18,6,-45,33.678383,-117.603134,416,121,WIFI
8E:AA:B5:1C:31:3E,Bingus Headquarters,WPA2,2021-7-19 14:38:18,1,-37,33.678383,-117.603134,416,121,WIFI
4E:66:41:9A:81:4B,Hot Bitch Network,WPA2,2021-7-19 14:38:18,6,-43,33.678383,-117.603134,416,121,WIFI
8E:AA:B5:1C:31:3E,Bingus Headquarters,WPA2,2021-7-19 14:38:26,1,-32,33.677123,-117.602779,402.5,136,WIFI
4E:66:41:9A:81:4B,Hot Bitch Network,WPA2,2021-7-19 14:38:26,6,-62,33.677123,-117.602779,402.5,136,WIFI
8E:AA:B5:1C:31:3E,Bingus Headquarters,WPA2,2021-7-19 14:38:29,1,-34,33.676661,-117.602638,399.9,136,WIFI
4E:66:41:9A:81:4B,Hot Bitch Network,WPA2,2021-7-19 14:38:29,6,-52,33.676661,-117.602638,399.9,136,WIFI
8E:AA:B5:1C:31:3E,Bingus Headquarters,WPA2,2021-7-19 14:38:32,1,-37,33.676257,-117.60246,397.4,136,WIFI
4E:66:41:9A:81:4B,Hot Bitch Network,WPA2,2021-7-19 14:38:32,6,-54,33.676257,-117.60246,397.4,136,WIFI
8E:AA:B5:1C:31:3E,Bingus Headquarters,WPA2,2021-7-19 14:38:35,1,-39,33.675899,-117.602236,397.4,136,WIFI
4E:66:41:9A:81:4B,Hot Bitch Network,WPA2,2021-7-19 14:38:35,6,-50,33.675899,-117.602236,397.4,136,WIFI
8E:AA:B5:1C:31:3E,Bingus Headquarters,WPA2,2021-7-19 14:38:35,1,-38,33.675899,-117.602236,397.4,136,WIFI
4E:66:41:9A:81:4B,Hot Bitch Network,WPA2,2021-7-19 14:38:35,6,-42,33.675899,-117.602236,397.4,136,WIFI
8E:AA:B5:1C:31:3E,Bingus Headquarters,WPA2,2021-7-19 14:38:35,1,-40,33.675899,-117.602236,397.4,136,WIFI
4E:66:41:9A:81:4B,Hot Bitch Network,WPA2,2021-7-19 14:38:35,6,-68,33.675899,-117.602236,397.4,136,WIFI
8E:AA:B5:1C:31:3E,Bingus Headquarters,WPA2,2021-7-19 14:38:35,1,-39,33.675899,-117.602236,397.4,136,WIFI
4E:66:41:9A:81:4B,Hot Bitch Network,WPA2,2021-7-19 14:38:35,6,-55,33.675899,-117.602236,397.4,136,WIFI
8E:AA:B5:1C:31:3E,Bingus Headquarters,WPA2,2021-7-19 14:38:46,1,-40,33.674599,-117.60177,384.5,136,WIFI
4E:66:41:9A:81:4B,Hot Bitch Network,WPA2,2021-7-19 14:38:46,6,-59,33.674599,-117.60177,384.5,136,WIFI
8E:AA:B5:1C:31:3E,Bingus Headquarters,WPA2,2021-7-19 14:38:49,1,-44,33.674244,-117.601677,380.5,120,WIFI
4E:66:41:9A:81:4B,Hot Bitch Network,WPA2,2021-7-19 14:38:49,6,-59,33.674244,-117.601677,380.5,120,WIFI
8E:AA:B5:1C:31:3E,Bingus Headquarters,WPA2,2021-7-19 14:38:52,1,-41,33.673916,-117.601668,380.5,120,WIFI
4E:66:41:9A:81:4B,Hot Bitch Network,WPA2,2021-7-19 14:38:52,6,-44,33.673916,-117.601668,380.5,120,WIFI
8E:AA:B5:1C:31:3E,Bingus Headquarters,WPA2,2021-7-19 14:38:52,1,-38,33.673916,-117.601668,378.7,120,WIFI
4E:66:41:9A:81:4B,Hot Bitch Network,WPA2,2021-7-19 14:38:52,6,-48,33.673916,-117.601668,378.7,120,WIFI
8E:AA:B5:1C:31:3E,Bingus Headquarters,WPA2,2021-7-19 14:38:55,1,-45,33.673584,-117.601674,378.7,120,WIFI
4E:66:41:9A:81:4B,Hot Bitch Network,WPA2,2021-7-19 14:38:55,6,-42,33.673584,-117.601674,378.7,120,WIFI
8E:AA:B5:1C:31:3E,Bingus Headquarters,WPA2,2021-7-19 14:38:55,1,-49,33.673584,-117.601674,378.7,120,WIFI
4E:66:41:9A:81:4B,Hot Bitch Network,WPA2,2021-7-19 14:38:55,6,-45,33.673584,-117.601674,378.7,120,WIFI
8E:AA:B5:1C:31:3E,Bingus Headquarters,WPA2,2021-7-19 14:39:3,1,-37,33.672586,-117.601664,368.9,136,WIFI
4E:66:41:9A:81:4B,Hot Bitch Network,WPA2,2021-7-19 14:39:3,6,-47,33.672586,-117.601664,368.9,136,WIFI
8E:AA:B5:1C:31:3E,Bingus Headquarters,WPA2,2021-7-19 14:39:6,1,-41,33.672215,-117.601776,367.7,120,WIFI
4E:66:41:9A:81:4B,Hot Bitch Network,WPA2,2021-7-19 14:39:6,6,-44,33.672215,-117.601776,367.7,120,WIFI
8E:AA:B5:1C:31:3E,Bingus Headquarters,WPA2,2021-7-19 14:39:9,1,-51,33.671837,-117.601857,366.6,120,WIFI
8E:AA:B5:1C:31:3E,Bingus Headquarters,WPA2,2021-7-19 14:39:9,1,-63,33.671837,-117.601857,366.6,120,WIFI
4E:66:41:9A:81:4B,Hot Bitch Network,WPA2,2021-7-19 14:39:9,6,-40,33.671837,-117.601857,366.6,120,WIFI
8E:AA:B5:1C:31:3E,Bingus Headquarters,WPA2,2021-7-19 14:39:12,1,-47,33.671477,-117.60196,366.6,120,WIFI
4E:66:41:9A:81:4B,Hot Bitch Network,WPA2,2021-7-19 14:39:12,6,-61,33.671477,-117.60196,366.6,120,WIFI
8E:AA:B5:1C:31:3E,Bingus Headquarters,WPA2,2021-7-19 14:39:12,1,-48,33.671477,-117.60196,366.6,120,WIFI
4E:66:41:9A:81:4B,Hot Bitch Network,WPA2,2021-7-19 14:39:12,6,-46,33.671477,-117.60196,366.6,120,WIFI
8E:AA:B5:1C:31:3E,Bingus Headquarters,WPA2,2021-7-19 14:39:20,1,-41,33.670604,-117.602358,361.9,136,WIFI
4E:66:41:9A:81:4B,Hot Bitch Network,WPA2,2021-7-19 14:39:20,6,-52,33.670604,-117.602358,361.9,136,WIFI
8E:AA:B5:1C:31:3E,Bingus Headquarters,WPA2,2021-7-19 14:39:23,1,-39,33.670248,-117.602402,359.8,136,WIFI
4E:66:41:9A:81:4B,Hot Bitch Network,WPA2,2021-7-19 14:39:23,6,-48,33.670248,-117.602402,359.8,136,WIFI
8E:AA:B5:1C:31:3E,Bingus Headquarters,WPA2,2021-7-19 14:39:26,1,-39,33.669924,-117.602325,358.8,120,WIFI
4E:66:41:9A:81:4B,Hot Bitch Network,WPA2,2021-7-19 14:39:26,6,-52,33.669924,-117.602325,358.8,120,WIFI
8E:AA:B5:1C:31:3E,Bingus Headquarters,WPA2,2021-7-19 14:39:29,1,-39,33.66964,-117.602099,358.8,120,WIFI
4E:66:41:9A:81:4B,Hot Bitch Network,WPA2,2021-7-19 14:39:29,6,-58,33.66964,-117.602099,358.8,120,WIFI
8E:AA:B5:1C:31:3E,Bingus Headquarters,WPA2,2021-7-19 14:39:29,1,-46,33.66964,-117.602099,358.8,120,WIFI
4E:66:41:9A:81:4B,Hot Bitch Network,WPA2,2021-7-19 14:39:29,6,-68,33.66964,-117.602099,358.8,120,WIFI
8E:AA:B5:1C:31:3E,Bingus Headquarters,WPA2,2021-7-19 14:39:29,1,-41,33.66964,-117.602099,358.8,120,WIFI
4E:66:41:9A:81:4B,Hot Bitch Network,WPA2,2021-7-19 14:39:29,6,-70,33.66964,-117.602099,358.8,120,WIFI
8E:AA:B5:1C:31:3E,Bingus Headquarters,WPA2,2021-7-19 14:39:29,1,-39,33.66964,-117.602099,358.8,120,WIFI
4E:66:41:9A:81:4B,Hot Bitch Network,WPA2,2021-7-19 14:39:29,6,-64,33.66964,-117.602099,358.8,120,WIFI
8E:AA:B5:1C:31:3E,Bingus Headquarters,WPA2,2021-7-19 14:39:40,1,-40,33.668328,-117.601712,348.7,136,WIFI
4E:66:41:9A:81:4B,Hot Bitch Network,WPA2,2021-7-19 14:39:40,6,-70,33.668328,-117.601712,348.7,136,WIFI
8E:AA:B5:1C:31:3E,Bingus Headquarters,WPA2,2021-7-19 14:39:43,1,-47,33.667946,-117.601658,347.2,120,WIFI
4E:66:41:9A:81:4B,Hot Bitch Network,WPA2,2021-7-19 14:39:43,6,-50,33.667946,-117.601658,347.2,120,WIFI
8E:AA:B5:1C:31:3E,Bingus Headquarters,WPA2,2021-7-19 14:39:46,1,-42,33.667577,-117.601598,347.2,120,WIFI
4E:66:41:9A:81:4B,Hot Bitch Network,WPA2,2021-7-19 14:39:46,6,-54,33.667577,-117.601598,347.2,120,WIFI
8E:AA:B5:1C:31:3E,Bingus Headquarters,WPA2,2021-7-19 14:39:46,1,-46,33.667577,-117.601598,343.6,120,WIFI
4E:66:41:9A:81:4B,Hot Bitch Network,WPA2,2021-7-19 14:39:46,6,-59,33.667577,-117.601598,343.6,120,WIFI
8E:AA:B5:1C:31:3E,Bingus Headquarters,WPA2,2021-7-19 14:39:49,1,-51,33.66719,-117.601498,343.6,120,WIFI
4E:66:41:9A:81:4B,Hot Bitch Network,WPA2,2021-7-19 14:39:49,6,-60,33.66719,-117.601498,343.6,120,WIFI
8E:AA:B5:1C:31:3E,Bingus Headquarters,WPA2,2021-7-19 14:39:49,1,-49,33.66719,-117.601498,343.6,120,WIFI
4E:66:41:9A:81:4B,Hot Bitch Network,WPA2,2021-7-19 14:39:49,6,-45,33.66719,-117.601498,343.6,120,WIFI
8E:AA:B5:1C:31:3E,Bingus Headquarters,WPA2,2021-7-19 14:39:57,1,-42,33.666109,-117.60116,334.4,120,WIFI
4E:66:41:9A:81:4B,Hot Bitch Network,WPA2,2021-7-19 14:39:57,6,-44,33.666109,-117.60116,334.4,120,WIFI
8E:AA:B5:1C:31:3E,Bingus Headquarters,WPA2,2021-7-19 14:40:0,1,-44,33.66568,-117.601027,332,136,WIFI
4E:66:41:9A:81:4B,Hot Bitch Network,WPA2,2021-7-19 14:40:0,6,-46,33.66568,-117.601027,332,136,WIFI
8E:AA:B5:1C:31:3E,Bingus Headquarters,WPA2,2021-7-19 14:40:3,1,-43,33.665253,-117.600848,329.5,136,WIFI
4E:66:41:9A:81:4B,Hot Bitch Network,WPA2,2021-7-19 14:40:3,6,-45,33.665253,-117.600848,329.5,136,WIFI
8E:AA:B5:1C:31:3E,Bingus Headquarters,WPA2,2021-7-19 14:40:6,1,-51,33.664848,-117.600724,329.5,136,WIFI
4E:66:41:9A:81:4B,Hot Bitch Network,WPA2,2021-7-19 14:40:6,6,-47,33.664848,-117.600724,329.5,136,WIFI
8E:AA:B5:1C:31:3E,Bingus Headquarters,WPA2,2021-7-19 14:40:6,1,-46,33.664848,-117.600724,329.5,136,WIFI
4E:66:41:9A:81:4B,Hot Bitch Network,WPA2,2021-7-19 14:40:6,6,-49,33.664848,-117.600724,329.5,136,WIFI
8E:AA:B5:1C:31:3E,Bingus Headquarters,WPA2,2021-7-19 14:40:6,1,-49,33.664848,-117.600724,329.5,136,WIFI
4E:66:41:9A:81:4B,Hot Bitch Network,WPA2,2021-7-19 14:40:6,6,-54,33.664848,-117.600724,329.5,136,WIFI
8E:AA:B5:1C:31:3E,Bingus Headquarters,WPA2,2021-7-19 14:40:6,1,-47,33.664848,-117.600724,329.5,136,WIFI
4E:66:41:9A:81:4B,Hot Bitch Network,WPA2,2021-7-19 14:40:6,6,-53,33.664848,-117.600724,329.5,136,WIFI
8E:AA:B5:1C:31:3E,Bingus Headquarters,WPA2,2021-7-19 14:40:17,1,-46,33.663455,-117.600708,318.9,136,WIFI
4E:66:41:9A:81:4B,Hot Bitch Network,WPA2,2021-7-19 14:40:17,6,-50,33.663455,-117.600708,318.9,136,WIFI
8E:AA:B5:1C:31:3E,Bingus Headquarters,WPA2,2021-7-19 14:40:20,1,-43,33.663074,-117.600727,315.6,136,WIFI
4E:66:41:9A:81:4B,Hot Bitch Network,WPA2,2021-7-19 14:40:20,6,-50,33.663074,-117.600727,315.6,136,WIFI
8E:AA:B5:1C:31:3E,Bingus Headquarters,WPA2,2021-7-19 14:40:23,1,-48,33.662698,-117.600678,312.6,136,WIFI
4E:66:41:9A:81:4B,Hot Bitch Network,WPA2,2021-7-19 14:40:23,6,-47,33.662698,-117.600678,312.6,136,WIFI
8E:AA:B5:1C:31:3E,Bingus Headquarters,WPA2,2021-7-19 14:40:23,1,-50,33.662698,-117.600678,312.6,136,WIFI
4E:66:41:9A:81:4B,Hot Bitch Network,WPA2,2021-7-19 14:40:23,6,-50,33.662698,-117.600678,312.6,136,WIFI
8E:AA:B5:1C:31:3E,Bingus Headquarters,WPA2,2021-7-19 14:40:26,1,-46,33.662322,-117.600656,312.6,136,WIFI
4E:66:41:9A:81:4B,Hot Bitch Network,WPA2,2021-7-19 14:40:26,6,-44,33.662322,-117.600656,312.6,136,WIFI
8E:AA:B5:1C:31:3E,Bingus Headquarters,WPA2,2021-7-19 14:40:26,1,-34,33.662322,-117.600656,312.6,136,WIFI
4E:66:41:9A:81:4B,Hot Bitch Network,WPA2,2021-7-19 14:40:26,6,-49,33.662322,-117.600656,312.6,136,WIFI
8E:AA:B5:1C:31:3E,Bingus Headquarters,WPA2,2021-7-19 14:40:34,1,-44,33.661306,-117.600959,302,136,WIFI
4E:66:41:9A:81:4B,Hot Bitch Network,WPA2,2021-7-19 14:40:34,6,-57,33.661306,-117.600959,302,136,WIFI
8E:AA:B5:1C:31:3E,Bingus Headquarters,WPA2,2021-7-19 14:40:37,1,-44,33.660875,-117.600979,301.5,120,WIFI
4E:66:41:9A:81:4B,Hot Bitch Network,WPA2,2021-7-19 14:40:37,6,-46,33.660875,-117.600979,301.5,120,WIFI
8E:AA:B5:1C:31:3E,Bingus Headquarters,WPA2,2021-7-19 14:40:40,1,-46,33.660462,-117.600921,300.6,120,WIFI
4E:66:41:9A:81:4B,Hot Bitch Network,WPA2,2021-7-19 14:40:40,6,-40,33.660462,-117.600921,300.6,120,WIFI
8E:AA:B5:1C:31:3E,Bingus Headquarters,WPA2,2021-7-19 14:40:43,1,-14,33.660058,-117.600834,300.6,120,WIFI
4E:66:41:9A:81:4B,Hot Bitch Network,WPA2,2021-7-19 14:40:43,6,-42,33.660058,-117.600834,300.6,120,WIFI
8E:AA:B5:1C:31:3E,Bingus Headquarters,WPA2,2021-7-19 14:40:43,1,-12,33.660058,-117.600834,299.6,120,WIFI
4E:66:41:9A:81:4B,Hot Bitch Network,WPA2,2021-7-19 14:40:43,6,-50,33.660058,-117.600834,299.6,120,WIFI
8E:AA:B5:1C:31:3E,Bingus Headquarters,WPA2,2021-7-19 14:40:43,1,-11,33.660058,-117.600834,299.6,120,WIFI
4E:66:41:9A:81:4B,Hot Bitch Network,WPA2,2021-7-19 14:40:43,6,-44,33.660058,-117.600834,299.6,120,WIFI
8E:AA:B5:1C:31:3E,Bingus Headquarters,WPA2,2021-7-19 14:40:43,1,-12,33.660058,-117.600834,299.6,120,WIFI
4E:66:41:9A:81:4B,Hot Bitch Network,WPA2,2021-7-19 14:40:43,6,-43,33.660058,-117.600834,299.6,120,WIFI
8E:AA:B5:1C:31:3E,Bingus Headquarters,WPA2,2021-7-19 14:40:54,1,-14,33.658601,-117.600705,291.2,136,WIFI
4E:66:41:9A:81:4B,Hot Bitch Network,WPA2,2021-7-19 14:40:54,6,-48,33.658601,-117.600705,291.2,136,WIFI
8E:AA:B5:1C:31:3E,Bingus Headquarters,WPA2,2021-7-19 14:40:57,1,-13,33.658233,-117.600568,287.4,136,WIFI
4E:66:41:9A:81:4B,Hot Bitch Network,WPA2,2021-7-19 14:40:57,6,-51,33.658233,-117.600568,287.4,136,WIFI
8E:AA:B5:1C:31:3E,Bingus Headquarters,WPA2,2021-7-19 14:41:0,1,-20,33.657849,-117.60055,283,136,WIFI
4E:66:41:9A:81:4B,Hot Bitch Network,WPA2,2021-7-19 14:41:0,6,-49,33.657849,-117.60055,283,136,WIFI
8E:AA:B5:1C:31:3E,Bingus Headquarters,WPA2,2021-7-19 14:41:0,1,-43,33.657849,-117.60055,283,136,WIFI
4E:66:41:9A:81:4B,Hot Bitch Network,WPA2,2021-7-19 14:41:0,6,-49,33.657849,-117.60055,283,136,WIFI
8E:AA:B5:1C:31:3E,Bingus Headquarters,WPA2,2021-7-19 14:41:3,1,-47,33.657404,-117.600543,283,136,WIFI
4E:66:41:9A:81:4B,Hot Bitch Network,WPA2,2021-7-19 14:41:3,6,-44,33.657404,-117.600543,283,136,WIFI
8E:AA:B5:1C:31:3E,Bingus Headquarters,WPA2,2021-7-19 14:41:3,1,-47,33.657404,-117.600543,283,136,WIFI
8E:AA:B5:1C:31:3E,Bingus Headquarters,WPA2,2021-7-19 14:41:11,1,-41,33.656284,-117.600616,281.5,120,WIFI
8E:AA:B5:1C:31:3E,Bingus Headquarters,WPA2,2021-7-19 14:41:14,1,-41,33.655892,-117.600659,281.4,120,WIFI
8E:AA:B5:1C:31:3E,Bingus Headquarters,WPA2,2021-7-19 14:41:17,1,-41,33.65549,-117.600538,281.4,120,WIFI
8E:AA:B5:1C:31:3E,Bingus Headquarters,WPA2,2021-7-19 14:41:17,1,-36,33.65549,-117.600538,281.4,120,WIFI
8E:AA:B5:1C:31:3E,Bingus Headquarters,WPA2,2021-7-19 14:41:17,1,-42,33.65549,-117.600538,281.4,120,WIFI
8E:AA:B5:1C:31:3E,Bingus Headquarters,WPA2,2021-7-19 14:41:25,1,-46,33.65448,-117.600476,281.5,120,WIFI
8E:AA:B5:1C:31:3E,Bingus Headquarters,WPA2,2021-7-19 14:41:28,1,-45,33.654101,-117.600567,281.3,120,WIFI
8E:AA:B5:1C:31:3E,Bingus Headquarters,WPA2,2021-7-19 14:41:28,1,-43,33.654101,-117.600567,281.3,120,WIFI
8E:AA:B5:1C:31:3E,Bingus Headquarters,WPA2,2021-7-19 14:41:31,1,-43,33.653733,-117.600565,281.3,120,WIFI
8E:AA:B5:1C:31:3E,Bingus Headquarters,WPA2,2021-7-19 14:41:36,1,-46,33.653224,-117.600139,280.1,120,WIFI
8E:AA:B5:1C:31:3E,Bingus Headquarters,WPA2,2021-7-19 14:41:39,1,-46,33.653035,-117.599749,279.7,120,WIFI
8E:AA:B5:1C:31:3E,Bingus Headquarters,WPA2,2021-7-19 14:41:42,1,-44,33.653009,-117.599323,279.7,120,WIFI
8E:AA:B5:1C:31:3E,Bingus Headquarters,WPA2,2021-7-19 14:41:42,1,-39,33.653009,-117.599323,279.7,120,WIFI
8E:AA:B5:1C:31:3E,Bingus Headquarters,WPA2,2021-7-19 14:41:42,1,-42,33.653009,-117.599323,279.7,120,WIFI
42:37:86:1F:B0:B7,CanyonFeed,WPA2,2021-7-19 14:41:42,7,-92,33.653009,-117.599323,279.7,120,WIFI
8E:AA:B5:1C:31:3E,Bingus Headquarters,WPA2,2021-7-19 14:41:50,1,-42,33.653467,-117.598241,277.1,119,WIFI
8E:AA:B5:1C:31:3E,Bingus Headquarters,WPA2,2021-7-19 14:41:53,1,-42,33.65378,-117.597912,276.5,119,WIFI
8E:AA:B5:1C:31:3E,Bingus Headquarters,WPA2,2021-7-19 14:41:56,1,-43,33.654063,-117.597535,276.5,119,WIFI
8E:AA:B5:1C:31:3E,Bingus Headquarters,WPA2,2021-7-19 14:41:56,1,-41,33.654063,-117.597535,276.5,119,WIFI
8E:AA:B5:1C:31:3E,Bingus Headquarters,WPA2,2021-7-19 14:41:56,1,-43,33.654063,-117.597535,276.5,119,WIFI
8E:AA:B5:1C:31:3E,Bingus Headquarters,WPA2,2021-7-19 14:42:4,1,-43,33.654778,-117.59651,281.8,119,WIFI
8E:AA:B5:1C:31:3E,Bingus Headquarters,WPA2,2021-7-19 14:42:7,1,-37,33.655024,-117.596122,281.8,119,WIFI
8E:AA:B5:1C:31:3E,Bingus Headquarters,WPA2,2021-7-19 14:42:7,1,-43,33.655024,-117.596122,282.1,119,WIFI
F0:AB:54:12:38:3A,Denali wifi,WPA2,2021-7-19 14:42:7,6,-91,33.655024,-117.596122,282.1,119,WIFI
8E:AA:B5:1C:31:3E,Bingus Headquarters,WPA2,2021-7-19 14:42:7,1,-53,33.655024,-117.596122,282.1,119,WIFI
8E:AA:B5:1C:31:3E,Bingus Headquarters,WPA2,2021-7-19 14:42:15,1,-40,33.655882,-117.595335,285.3,119,WIFI
8E:AA:B5:1C:31:3E,Bingus Headquarters,WPA2,2021-7-19 14:42:18,1,-40,33.656237,-117.595027,286.7,119,WIFI
8E:AA:B5:1C:31:3E,Bingus Headquarters,WPA2,2021-7-19 14:42:21,1,-43,33.656587,-117.594668,286.7,119,WIFI
00:17:1A:D4:C8:26,Winegard2ghzD4C825,WPA2,2021-7-19 14:42:21,8,-86,33.656587,-117.594668,286.7,119,WIFI
8E:AA:B5:1C:31:3E,Bingus Headquarters,WPA2,2021-7-19 14:42:21,1,-43,33.656587,-117.594668,288,119,WIFI
8E:AA:B5:1C:31:3E,Bingus Headquarters,WPA2,2021-7-19 14:42:24,1,-41,33.656929,-117.594295,288,119,WIFI
8E:AA:B5:1C:31:3E,Bingus Headquarters,WPA2,2021-7-19 14:42:29,1,-39,33.657504,-117.593626,290.5,119,WIFI
8E:AA:B5:1C:31:3E,Bingus Headquarters,WPA2,2021-7-19 14:42:32,1,-45,33.657833,-117.59319,291.5,119,WIFI
AC:86:74:80:B3:F2,CAMP18,WPA,2021-7-19 14:42:32,1,-91,33.657833,-117.59319,291.5,119,WIFI
8E:AA:B5:1C:31:3E,Bingus Headquarters,WPA2,2021-7-19 14:42:35,1,-39,33.658143,-117.592778,291.5,119,WIFI
AC:86:74:80:B3:F2,CAMP18,WPA,2021-7-19 14:42:35,1,-91,33.658143,-117.592778,291.5,119,WIFI
AC:86:74:80:B4:A2,CAMP18,WPA,2021-7-19 14:42:35,6,-93,33.658143,-117.592778,291.5,119,WIFI
CC:D5:39:E2:41:C0,Guest_Access,NONE,2021-7-19 14:42:35,11,-93,33.658143,-117.592778,291.5,119,WIFI
CC:D5:39:E2:41:C2,Private_OCFA,WPA,2021-7-19 14:42:35,11,-93,33.658143,-117.592778,291.5,119,WIFI
8E:AA:B5:1C:31:3E,Bingus Headquarters,WPA2,2021-7-19 14:42:38,1,-44,33.658425,-117.592384,292.7,119,WIFI
A0:63:91:BF:AC:4C,NETGEAR66_EXT,WPA2,2021-7-19 14:42:38,4,-95,33.658425,-117.592384,292.7,119,WIFI
8E:AA:B5:1C:31:3E,Bingus Headquarters,WPA2,2021-7-19 14:42:41,1,-42,33.658683,-117.592005,292.7,119,WIFI
CC:D5:39:27:DF:B0,Guest_Access,NONE,2021-7-19 14:42:41,11,-94,33.658683,-117.592005,292.7,119,WIFI
8E:AA:B5:1C:31:3E,Bingus Headquarters,WPA2,2021-7-19 14:42:41,1,-36,33.658683,-117.592005,292.7,119,WIFI
8E:AA:B5:1C:31:3E,Bingus Headquarters,WPA2,2021-7-19 14:42:41,1,-35,33.658683,-117.592005,292.7,119,WIFI
8E:AA:B5:1C:31:3E,Bingus Headquarters,WPA2,2021-7-19 14:42:49,1,-35,33.659268,-117.591178,295.1,119,WIFI
8E:AA:B5:1C:31:3E,Bingus Headquarters,WPA2,2021-7-19 14:42:52,1,-34,33.659473,-117.590884,295.5,119,WIFI
8E:AA:B5:1C:31:3E,Bingus Headquarters,WPA2,2021-7-19 14:42:52,1,-35,33.659473,-117.590884,295.5,119,WIFI
8E:AA:B5:1C:31:3E,Bingus Headquarters,WPA2,2021-7-19 14:42:55,1,-40,33.659642,-117.590564,295.5,119,WIFI
8E:AA:B5:1C:31:3E,Bingus Headquarters,WPA2,2021-7-19 14:43:0,1,-41,33.659659,-117.589885,298.5,119,WIFI
8E:AA:B5:1C:31:3E,Bingus Headquarters,WPA2,2021-7-19 14:43:3,1,-40,33.659638,-117.589433,299.2,119,WIFI
8E:AA:B5:1C:31:3E,Bingus Headquarters,WPA2,2021-7-19 14:43:6,1,-40,33.659558,-117.588998,299.2,119,WIFI
8E:AA:B5:1C:31:3E,Bingus Headquarters,WPA2,2021-7-19 14:43:6,1,-32,33.659558,-117.588998,300.1,119,WIFI
8E:AA:B5:1C:31:3E,Bingus Headquarters,WPA2,2021-7-19 14:43:6,1,-35,33.659558,-117.588998,300.1,119,WIFI
8E:AA:B5:1C:31:3E,Bingus Headquarters,WPA2,2021-7-19 14:43:14,1,-36,33.659558,-117.587934,301.9,119,WIFI
8E:AA:B5:1C:31:3E,Bingus Headquarters,WPA2,2021-7-19 14:43:17,1,-39,33.659594,-117.58756,302.3,119,WIFI
8E:AA:B5:1C:31:3E,Bingus Headquarters,WPA2,2021-7-19 14:43:17,1,-34,33.659594,-117.58756,302.3,119,WIFI
8E:AA:B5:1C:31:3E,Bingus Headquarters,WPA2,2021-7-19 14:43:20,1,-34,33.659534,-117.587201,302.3,119,WIFI
8E:AA:B5:1C:31:3E,Bingus Headquarters,WPA2,2021-7-19 14:43:20,1,-37,33.659534,-117.587201,302.3,119,WIFI
8E:AA:B5:1C:31:3E,Bingus Headquarters,WPA2,2021-7-19 14:43:28,1,-36,33.659306,-117.586276,301.5,119,WIFI
8E:AA:B5:1C:31:3E,Bingus Headquarters,WPA2,2021-7-19 14:43:31,1,-43,33.65921,-117.585931,301.5,119,WIFI
8E:AA:B5:1C:31:3E,Bingus Headquarters,WPA2,2021-7-19 14:43:31,1,-45,33.65921,-117.585931,302.6,119,WIFI
8E:AA:B5:1C:31:3E,Bingus Headquarters,WPA2,2021-7-19 14:43:31,1,-44,33.65921,-117.585931,302.6,119,WIFI
8E:AA:B5:1C:31:3E,Bingus Headquarters,WPA2,2021-7-19 14:43:39,1,-48,33.658791,-117.585429,306.4,119,WIFI
8E:AA:B5:1C:31:3E,Bingus Headquarters,WPA2,2021-7-19 14:43:42,1,-45,33.658615,-117.585608,308.8,119,WIFI
8E:AA:B5:1C:31:3E,Bingus Headquarters,WPA2,2021-7-19 14:43:42,1,-44,33.658615,-117.585608,308.8,119,WIFI
8E:AA:B5:1C:31:3E,Bingus Headquarters,WPA2,2021-7-19 14:43:45,1,-44,33.65847,-117.58586,308.8,119,WIFI
8E:AA:B5:1C:31:3E,Bingus Headquarters,WPA2,2021-7-19 14:43:45,1,-43,33.65847,-117.58586,308.8,119,WIFI
8E:AA:B5:1C:31:3E,Bingus Headquarters,WPA2,2021-7-19 14:43:53,1,-46,33.657851,-117.586364,321.1,119,WIFI
8E:AA:B5:1C:31:3E,Bingus Headquarters,WPA2,2021-7-19 14:43:56,1,-36,33.657606,-117.58639,321.1,119,WIFI
8E:AA:B5:1C:31:3E,Bingus Headquarters,WPA2,2021-7-19 14:43:56,1,-43,33.657606,-117.58639,324.3,119,WIFI
8E:AA:B5:1C:31:3E,Bingus Headquarters,WPA2,2021-7-19 14:43:56,1,-37,33.657606,-117.58639,324.3,119,WIFI
8E:AA:B5:1C:31:3E,Bingus Headquarters,WPA2,2021-7-19 14:44:4,1,-46,33.657678,-117.585865,331.2,119,WIFI
8E:AA:B5:1C:31:3E,Bingus Headquarters,WPA2,2021-7-19 14:44:7,1,-44,33.657884,-117.5856,333.7,119,WIFI
8E:AA:B5:1C:31:3E,Bingus Headquarters,WPA2,2021-7-19 14:44:10,1,-41,33.658008,-117.585292,333.7,119,WIFI
8E:AA:B5:1C:31:3E,Bingus Headquarters,WPA2,2021-7-19 14:44:10,1,-40,33.658008,-117.585292,333.7,119,WIFI
8E:AA:B5:1C:31:3E,Bingus Headquarters,WPA2,2021-7-19 14:44:10,1,-35,33.658008,-117.585292,333.7,119,WIFI
8E:AA:B5:1C:31:3E,Bingus Headquarters,WPA2,2021-7-19 14:44:18,1,-33,33.657871,-117.584391,346.4,119,WIFI
8E:AA:B5:1C:31:3E,Bingus Headquarters,WPA2,2021-7-19 14:44:21,1,-37,33.657788,-117.584038,346.5,119,WIFI
8E:AA:B5:1C:31:3E,Bingus Headquarters,WPA2,2021-7-19 14:44:21,1,-31,33.657788,-117.584038,346.5,119,WIFI
8E:AA:B5:1C:31:3E,Bingus Headquarters,WPA2,2021-7-19 14:44:21,1,-32,33.657788,-117.584038,346.5,119,WIFI
8E:AA:B5:1C:31:3E,Bingus Headquarters,WPA2,2021-7-19 14:44:29,1,-45,33.658073,-117.58329,354.2,119,WIFI
8E:AA:B5:1C:31:3E,Bingus Headquarters,WPA2,2021-7-19 14:44:32,1,-42,33.658257,-117.58316,357.9,119,WIFI
8E:AA:B5:1C:31:3E,Bingus Headquarters,WPA2,2021-7-19 14:44:35,1,-47,33.658335,-117.582945,357.9,119,WIFI
8E:AA:B5:1C:31:3E,Bingus Headquarters,WPA2,2021-7-19 14:44:35,1,-41,33.658335,-117.582945,357.9,119,WIFI
8E:AA:B5:1C:31:3E,Bingus Headquarters,WPA2,2021-7-19 14:44:35,1,-38,33.658335,-117.582945,357.9,119,WIFI
A0:FF:70:47:5D:C2,SETUP-5DBE,WPA2,2021-7-19 14:44:35,1,-83,33.658335,-117.582945,357.9,119,WIFI
8E:AA:B5:1C:31:3E,Bingus Headquarters,WPA2,2021-7-19 14:44:43,1,-11,33.658105,-117.581983,359.2,118,WIFI
8E:AA:B5:1C:31:3E,Bingus Headquarters,WPA2,2021-7-19 14:44:46,1,-37,33.657944,-117.581479,358.8,118,WIFI
3C:7A:8A:F9:CD:17,billings,WPA,2021-7-19 14:44:46,6,-92,33.657944,-117.581479,358.8,118,WIFI
72:3A:CB:41:06:B8,GreenPanda2-guest,WPA2,2021-7-19 14:44:46,11,-88,33.657944,-117.581479,358.8,118,WIFI
8E:AA:B5:1C:31:3E,Bingus Headquarters,WPA2,2021-7-19 14:44:49,1,-30,33.657793,-117.580953,358.8,118,WIFI
30:AE:A4:86:8E:15,GAFVent_868e14,WPA,2021-7-19 14:44:49,1,-92,33.657793,-117.580953,358.8,118,WIFI
50:6A:03:C0:8E:98,NTGR_VMB_1525564602,WPA2,2021-7-19 14:44:49,6,-88,33.657793,-117.580953,358.1,118,WIFI
EA:C3:2A:07:D0:B9,cook,WPA2,2021-7-19 14:44:57,4,-89,33.657416,-117.5796,362.4,118,WIFI
00:30:44:1D:60:66,CalTrans26,WPA,2021-7-19 14:44:57,1,-93,33.657416,-117.5796,362.4,118,WIFI
00:30:44:1D:60:66,CalTrans26,WPA,2021-7-19 14:45:0,1,-89,33.657289,-117.579116,367.2,118,WIFI
00:30:44:1D:60:66,CalTrans26,WPA,2021-7-19 14:45:3,1,-80,33.657156,-117.578629,367.2,118,WIFI
F0:72:EA:1A:6C:DA,Vop Google Wi Fi,WPA2,2021-7-19 14:45:3,1,-91,33.657156,-117.578629,367.2,118,WIFI
94:8F:CF:80:F8:30,ATT8X9ADS2,WPA2,2021-7-19 14:45:3,1,-90,33.657156,-117.578629,369.7,118,WIFI
